Metric,Value
Mean (m/s²),2.1315250833906722e-06
RMS (m/s²),0.9700254268422638
Peak (m/s²),4.786930764
